lr,best_epoch,accuracy
0.001,8,0.7236328125
0.0005,6,0.703125
0.0001,10,0.703125
5e-05,10,0.6845703125
1e-05,10,0.5966796875
