learning_rate,epoch,accuracy
0.0001,359,0.791305273315128
0.0005,52,0.7812606304579851
0.001,18,0.7619472798340174
1e-05,238,0.7454931988399857
5e-05,65,0.769249576391006
